driverId,name,ssn,location,certified,wage-plan
10,Patricia Hernandez,191-46-9732,"43183 Teresa Coves Suite 521
North Mario, SD 32346",Y,miles
11,Lisa Hernandez,322-34-9092,"17418 James Mall
Port Jennifer, TN 98248",N,hours
12,Kimberly Fernandez,482-71-1492,"425 Chase Trace
Chapmanside, PA 83340",Y,hours
13,Tara Morales,880-30-2340,"87722 Thomas Junctions Apt. 678
West Jamesbury, WV 67576",Y,miles
14,James Smith,865-37-1922,"994 Steven Locks
East Brandon, WI 33275",N,hours
15,Mark Scott,850-83-5496,"92080 Shawn Mount Apt. 020
East Christopher, LA 94876",N,miles
16,Cathy Sanchez,709-98-2038,"90732 Gonzales Cove
South Amy, WV 62152",Y,miles
17,John Daugherty,020-76-3744,"4895 Koch Stravenue Apt. 277
Port Sarah, NE 48449",Y,miles
18,Amber Brooks,222-77-3424,"01232 Anderson Skyway Suite 442
South Shelley, HI 16936",N,hours
19,Jessica Hunt,659-46-7996,"46504 Ashley Shore Apt. 355
New Victor, KY 77613",N,miles
20,Michael Marquez,077-24-9194,"08990 Jennings Lock Apt. 957
East Angelahaven, IN 77191",Y,hours
21,Samuel Duncan,830-03-6329,"25572 Jeffrey Pass
Tranchester, MH 90685",Y,miles
22,Sean Roberts,884-64-7828,"9551 Kathleen Turnpike Suite 754
Turnertown, PW 12221",N,miles
23,Patrick Jackson,093-75-4180,"USCGC Jacobs
FPO AE 07701",Y,miles
24,Oscar Cook,692-13-4124,"23187 Norman Parks
Lake Clarence, DC 41427",Y,miles
25,Samantha Ochoa,594-39-2461,"58839 Jordan Summit
North Robert, WY 94773",N,miles
26,Bridget Park,565-41-2991,"2318 Michael Forks Suite 765
Adamburgh, CA 99849",N,hours
27,David Sullivan,541-44-7618,"PSC 9199, Box 4842
APO AE 95235",Y,miles
28,Mary Montes,502-73-7078,"454 Suzanne Harbors
South Jeffreyburgh, CA 41717",N,miles
29,Scott Coleman,225-14-4167,"774 Brian Island Suite 012
West Andreastad, WV 22365",Y,miles
30,Jason Peterson,812-59-8221,"720 Kimberly Ranch
New Wendy, SD 65571",N,hours
31,Brandy Cohen,455-16-3703,"25497 Stevens Manor
South Raymond, GU 65123",Y,miles
32,Regina Meyer,209-87-0785,"806 Reed Inlet
Patriciaborough, PR 45925",Y,hours
33,Crystal Williams,090-82-2050,"0696 David Green Suite 518
Michealville, WI 45763",N,miles
34,Gary Preston,667-06-3736,"68079 Spencer Isle Suite 230
New Jessica, ND 39343",Y,miles
35,Julie Alexander,023-62-8788,"94423 Lee Streets Apt. 952
Johnsonmouth, OR 99409",N,miles
36,Jennifer Reyes,258-75-9566,"93830 Terry Plaza
Huntermouth, AS 39684",N,miles
37,Karen Vaughn,099-99-8579,"7317 Jessica Drive Suite 671
Matthewfurt, AZ 49378",N,hours
38,Thomas Morris,642-91-2850,"138 Monica Ranch Apt. 079
Ashleyview, CO 55805",N,hours
39,William Luna,766-40-5769,"43576 Amy Mountains Suite 928
Heatherborough, WI 41928",N,hours
40,Casey Sawyer DDS,361-43-0051,"897 Chavez Plaza Suite 944
Higginsmouth, KS 71746",Y,miles
41,Barbara Ayala,785-03-1317,"206 Kevin Mountains Suite 698
South Michaelfort, DC 05321",Y,miles
42,Kristin Garrett,670-91-1571,"48609 Daniel Rapid Apt. 992
East Kathryn, NJ 11988",Y,hours
43,Angela Johnson,777-10-6752,"00841 Robert Stravenue
Brownchester, VT 61038",Y,miles
44,Kelsey Evans,123-85-8564,"451 Vicki Overpass
Lewisside, ME 52959",N,miles
45,Christopher Schroeder III,652-84-5372,"6371 Denise Village Apt. 817
New Brandonborough, MH 11270",Y,hours
46,Daniel Bryant,728-94-7316,"2076 Guerrero Port Apt. 113
East Ryan, CO 61909",Y,hours
47,Todd Roberts,655-52-0636,"USNS Pitts
FPO AP 94834",N,miles
48,Joseph Davis,863-66-4569,"90870 Murphy Point
Delgadoside, KY 81197",Y,hours
49,Krista Kelly,509-46-6850,"43004 Watts Forges
Mosshaven, IA 42663",Y,hours
50,Dr. Jacqueline Garner MD,610-81-5198,"012 Michelle Lights Apt. 721
North Sarahtown, RI 29830",Y,miles
51,Daniel Hayes,653-15-6645,"7459 Santos Light Apt. 510
Oliviaton, FL 33147",Y,hours
52,Michael Chen,748-39-9199,"PSC 6160, Box 8495
APO AA 04742",N,hours
53,Debra Davis,303-24-5249,"1982 Coleman Pass Suite 453
Leemouth, ID 55058",N,hours
54,Lisa Weber,070-68-5200,"90002 Harris Row
East Kathrynland, TN 67565",Y,miles
55,Ryan Moore,384-58-1492,"24142 John Shoals Suite 630
Valeriefurt, NM 53908",N,miles
56,Jessica Gonzalez,286-24-6472,"9011 Tony Trail
Port Johnbury, KY 78330",N,miles
57,Cindy Stephens,088-21-0816,"85461 Mccullough River
Carlsonburgh, AZ 71435",Y,miles
58,Andrew Stone,359-13-6418,"8704 Sabrina Unions Apt. 153
West Julieberg, AL 84640",Y,hours
59,Joshua Khan,840-94-0815,"157 Smith Walk Suite 259
Deanfort, MO 02831",N,hours
60,Brandon Joyce,870-91-3148,"52478 Taylor Island
Lake Yeseniaview, OR 71309",N,miles
61,Kenneth Sanchez,121-27-6996,"USCGC Mathews
FPO AP 28477",N,hours
62,Jose Anderson,284-28-9047,"34039 Derek Mills
Brittneybury, FL 77320",N,hours
63,Anthony Jones,861-38-7380,"597 Peterson Mews Suite 976
Port Kelly, TX 07790",Y,miles
64,Joseph Love,486-32-5662,"PSC 4197, Box 6702
APO AP 97073",N,miles
65,Kenneth Jefferson,778-97-3255,"2359 Gross Hills Suite 101
Smithhaven, PR 67682",Y,hours
66,Valerie Cooper,811-65-5291,"5366 Kirsten Groves
West Sharonberg, WA 75662",Y,miles
67,Billy Cunningham,759-83-2268,"9333 Olson Ports Suite 620
Lindseyport, CO 80905",N,hours
68,Darlene Brown,055-10-0313,"871 Dyer Fork Suite 878
Gregoryberg, SD 29052",Y,miles
69,Charles Williams,865-48-2638,"5631 Victoria Canyon Apt. 360
South Alexander, CA 13584",N,hours
70,Arthur Charles,597-48-0042,"363 Davis Street Apt. 510
East Richard, TN 97137",Y,hours
71,Andre Bowers,353-70-7310,"8231 Good Circles
Joyport, AS 62358",N,hours
72,Brooke Smith,688-02-2043,"463 Elizabeth Ways Suite 727
North Glennside, NY 28713",N,hours
73,Melinda Huff,776-38-9045,"913 Gina Alley
Teresastad, MN 91629",Y,hours
74,James Cruz,183-33-5686,"89179 Julie Dam
Evanston, MO 47483",N,hours
75,Jesse Romero,603-62-1899,"47489 Michael Route Apt. 400
Taylorview, VT 03087",Y,hours
76,Kimberly Schmidt,481-35-2535,"9262 Harrison Island Suite 136
Greenmouth, KY 81550",N,hours
77,Tanya Fuller,597-26-8562,"94500 Gomez Key
South Matthew, CO 32799",Y,hours
78,Michael Elliott,427-89-7877,"22544 Davis Forge
Joshuamouth, HI 70355",N,miles
79,Ashley Reyes,530-76-9807,"2293 Amy Plaza Apt. 114
South Maryland, OK 92036",Y,hours
80,Michelle Kelley,309-46-6047,"08993 Woodard Valley Apt. 287
Austinville, NC 77465",N,miles
81,Kim Khan,065-66-8746,"882 Andrea Valleys
South Elizabethbury, IN 76633",Y,miles
82,Luis Cain,025-06-1249,"5724 Mcdonald Village Apt. 517
Lake Leslie, AK 12203",N,miles
83,Selena Smith,814-33-7170,"3171 Katherine Place Apt. 708
South Paulberg, NY 97056",N,miles
84,Jason Miller,091-51-4451,"6824 Angela Ville
West Nathanstad, VA 97484",N,miles
85,Andrew Rodriguez,497-61-5547,"Unit 7736 Box 2962
DPO AA 56283",Y,miles
86,John Lewis,432-62-8906,"183 Robert Underpass Suite 648
South Alicia, MS 21476",N,hours
87,Angela Miller,763-23-4982,"032 Morton Spring
Yeseniatown, NM 36467",N,hours
88,Christine Donaldson,498-82-6731,"314 Long Square
Deanfort, MO 89047",Y,hours
89,Brandon Harris,386-16-7350,"74777 Turner Passage
Jeffreyview, GU 93584",N,hours
90,John Miller,704-47-8720,"5764 Pearson Underpass
New Allisonbury, ME 90074",N,miles
91,Daniel Walters,706-18-3600,"77776 Ramirez Keys Apt. 300
North Katherineview, WV 79915",N,miles
92,John Berry,514-42-7604,"67553 Shannon Lodge
New Danielview, IL 70033",N,miles
93,Carrie Robbins,460-07-8405,"15234 Henry Inlet
Laurenborough, HI 30024",N,miles
94,Michael Nixon,034-01-0606,"406 Ryan Lakes
Jamesborough, GA 69557",Y,hours
95,John Miranda,879-70-8223,"71162 Lydia Mills
South Michael, AS 04729",Y,hours
96,Beverly Young,066-83-0128,"71687 Deanna Ridge
Tamaraburgh, MA 09745",Y,hours
97,Benjamin Romero,301-67-3462,"781 Dixon Manors Apt. 852
Michellemouth, SC 21317",N,miles
98,Alan Mitchell,550-11-4084,"745 Lara Route Apt. 148
Brianborough, FL 40217",Y,miles
99,Lisa Robbins,759-26-3759,"4524 Joseph Knolls Apt. 494
Bishopville, MI 35937",Y,hours
100,Amanda Solis,021-85-7053,"008 Aguilar Track Apt. 655
East Angelside, IN 14886",N,miles
101,Clifford Gonzales,208-25-8464,"068 Kimberly Track Apt. 491
Stanleyburgh, AK 19617",N,hours
102,Dana King,419-82-5249,"Unit 4849 Box 6535
DPO AP 25043",N,miles
103,Anthony Schmitt,771-73-8156,"1236 Jeffrey Forges Suite 335
Lake Dwayne, PA 80800",Y,hours
104,Maria Miller,077-09-6599,"PSC 0433, Box 8777
APO AP 38447",N,hours
105,Amber Schmidt,446-55-5012,"05066 Kelley Falls Apt. 234
New Michaelmouth, MT 92029",Y,miles
106,Michael Bishop,289-61-5637,"17432 Key Street
Port Williamchester, MS 55936",N,hours
107,Amanda Hoover,233-55-4720,"Unit 7840 Box 9156
DPO AP 27206",Y,hours
108,Susan Banks,879-58-3499,"722 Reynolds Haven
West Gerald, NM 36731",Y,hours
109,Michael Reyes,135-43-5241,"86607 Richard Extensions Apt. 272
Robertberg, NM 41847",N,hours
